session_id,type,interval_seconds,interval_ns,clients,pop_count,has_popping
PlkC9cT/Pe61U19ak/6Y/A,webext,20.0,20000000000,0,0,0
Vxz4YuTmWyxKC13YjCzN0A,webext,20.0,20000000000,0,0,0
nNmvKMS8UP0GlPKR5LkJsQ,webext,20.0,20000000000,0,0,0
5ydPVPcEeqPxDeCgpBlpMA,webext,20.0,20000000000,0,0,0
oRnY5hoxWx0qG8Jct0TTyg,webext,20.0,20000000000,0,1,1
4WWsG4Vdz/QeIm4t0hAJQg,webext,20.0,20000000000,0,0,0
VK6ptnL3++Y6uby46P5RgQ,webext,20.0,20000000000,0,0,0
IgPeI/cw3CiVkc0r6q6IFw,webext,20.0,20000000000,0,0,0
SCWnyQRhkS3JA1C1pp+tGQ,webext,20.0,20000000000,0,0,0
A+Q6VNc1YrH8E+NzfWe2xQ,webext,20.0,20000000000,0,0,0
aLRw791cMTNFQ3bX/mNpkw,webext,20.0,20000000000,0,1,1
2lxWlLLScCuLKY3t574tHQ,webext,20.0,20000000000,0,0,0
qi8wq2P5HNRbWPIOIIBr7g,webext,20.0,20000000000,0,0,0
DYkNTMsRrVhWHcM3G1UB7Q,webext,20.0,20000000000,0,0,0
EmXlZxoFmlBtkMnGS5QHng,webext,20.0,20000000000,0,0,0
f2fP2T0SrvVkQ5+j8DJjjg,webext,20.0,20000000000,0,0,0
z+2e2ElHxTKpvaKMNOMRgw,webext,20.0,20000000000,0,0,0
XFX04beAuRuOfzI6pvw4Eg,webext,20.0,20000000000,0,0,0
XTzRbP0okapNopXHAAgqrQ,webext,20.0,20000000000,0,1,1
1uIdIJKCY+vZ3koJtA9tGA,webext,20.0,20000000000,0,0,0
3wzS+dU3uxoCz1jqFsYydQ,webext,20.0,20000000000,0,0,0
zOSJaNo6FMImcxVgQkccHw,webext,20.0,20000000000,0,0,0
C52fnBFER6vtMOFdxIxEBA,webext,20.0,20000000000,0,0,0
iOUlyhxKA7G4/RZfCZKyZw,webext,20.0,20000000000,0,0,0
aI9J28YqhN3jgoWfFxWv8w,webext,20.0,20000000000,0,0,0
eyCiGwYAdDz2Ol/ByXoJKQ,webext,20.0,20000000000,0,0,0
/SPrYzgk8bU/d4Maoq1IqQ,webext,20.0,20000000000,0,0,0
Rx1w/AI+0QR+yxRAxxM2ng,webext,20.0,20000000000,0,0,0
apGlt8E7H1oV82yskbKYeQ,webext,20.0,20000000000,0,0,0
ZuHw++I0OHBBaXX3L29C0g,webext,20.0,20000000000,0,0,0
ysbiMacQmMEPFYlfIR6vOw,webext,20.0,20000000000,0,0,0
RvR4Vb08/ZRACDe8KGiuGw,webext,20.0,20000000000,0,0,0
Z1U2H5Nyt7ZMDM9e3d4Q0w,webext,20.0,20000000000,0,0,0
w1j+Mkdo1p5qkjcMnzse3Q,webext,20.0,20000000000,0,0,0
ft1lcUSsdV5U7zOLZwnftA,webext,20.0,20000000000,0,0,0
ErX5SSrEMJkqCP+qj8lfYw,webext,20.0,20000000000,0,0,0
3j4R3mBTkbjS6EQCVwfSPw,webext,20.0,20000000000,0,0,0
LxztWGFHM3eluE2fti+6SQ,webext,20.0,20000000000,0,0,0
tPfz1QdKkXQ2KqMCEBgdsw,webext,20.0,20000000000,0,0,0
P2r9UZifne9rUEKGMn+uyw,webext,20.0,20000000000,0,1,1
95eoLA8MQCSRRK+3TelJkw,webext,20.0,20000000000,0,0,0
yiphsWT0AKkS8pCI0QtoAw,webext,20.0,20000000000,0,0,0
C06aaw//SixRepq111nXBg,webext,20.0,20000000000,0,0,0
BobuS8HwqclmHebBm0LlKQ,webext,20.0,20000000000,0,0,0
5XJ6K1ePLPPyGzDdtF4lCQ,webext,20.0,20000000000,0,0,0
iuvNffwcL26PpPZLaZ/Q1A,webext,20.0,20000000000,0,0,0
CY3peQWjVea9IEafXkLD9w,webext,20.0,20000000000,0,0,0
swMyvNZxZO0+RoqDSfIoCw,webext,20.0,20000000000,0,0,0
oU0GOLKYCk3g+zdGxkf0wA,webext,20.0,20000000000,0,0,0
t03Nhz4PKn3dNDd8qpBp2Q,webext,20.0,20000000000,0,0,0
PVzI1oSm3FZnkQ9aJ+K/Lw,webext,20.0,20000000000,0,0,0
iBfWVbzR7Es6R52P7il1Fw,webext,20.0,20000000000,0,0,0
LagCSCU/9xXVDFahe8MOaA,webext,20.0,20000000000,0,0,0
6rVg/BrDSC0CDxnhVFYJWA,webext,20.0,20000000000,0,0,0
T2aGNoe4o38crOFZfXX0Ww,webext,20.0,20000000000,0,0,0
b63MvV8ox0c1Pog3YHyFPw,webext,20.0,20000000000,0,0,0
ZjEunhFMwPcJwwGffqL+Ow,webext,20.0,20000000000,0,0,0
h9Vy0rleBeVLOblzqPzDbw,webext,20.0,20000000000,0,0,0
E6JWsB+wO2YyRfFfq1bjnA,webext,20.0,20000000000,0,0,0
x/8IQ8tl6SIDSULHiU7PUQ,webext,20.0,20000000000,0,0,0
r+/LEL4sI3Z440u9RdDIvA,webext,20.0,20000000000,0,0,0
bYjGZ5EQgfeiUdWdSnJWLA,webext,20.0,20000000000,0,0,0
i9ra6M9xp0mvM+vqs8GP8A,webext,20.0,20000000000,0,0,0
IsXD76/6oy1UQbBQuX/L+Q,webext,20.0,20000000000,0,0,0
YfCe/P2o6U21liCKxXyOuA,webext,20.0,20000000000,0,0,0
/I1Wp7byXBFHTyj045dfSA,webext,20.0,20000000000,0,0,0
gXJK5yTSiqREMSOvYgWMdg,webext,20.0,20000000000,0,0,0
+uyZgl6zb6J5GiVfSoE77A,webext,20.0,20000000000,0,0,0
1be4fUutAyJoq+R3dOOkkg,webext,20.0,20000000000,0,0,0
y3EVjF3dwGdZpPTcrw33Gw,webext,20.0,20000000000,0,1,1
WunsmIj+J5GW/vXKKz44cA,webext,20.0,20000000000,0,0,0
LUMfl6FXyRH7KCnrFf2g4Q,webext,20.0,20000000000,0,0,0
tjQpCRsDLvU6jelqtcKMNg,webext,20.0,20000000000,0,0,0
syvwCgvUd6Ks6PDMJMHHVQ,webext,20.0,20000000000,0,0,0
WjOGOhMVb2MdrtdSdPrsfw,webext,20.0,20000000000,0,0,0
gBKixoN9LtR/vx5LXqUHhA,webext,20.0,20000000000,0,0,0
2/2uoVZJJzQ1nYLiqswTlg,webext,20.0,20000000000,0,0,0
0E4yw83U2JReC/Wcod5xmw,webext,20.0,20000000000,0,0,0
aqmdaGu4fFwL5BxMxL5SRg,webext,20.0,20000000000,0,1,1
8+HTKAioFyilbK18kCe+xw,webext,20.0,20000000000,0,0,0
n8c+JA/gN04juZHKlPF1cQ,webext,20.0,20000000000,0,0,0
upl3+RMhu/haxYMXKBTkWw,webext,20.0,20000000000,0,0,0
EohPtLZOPPhLN4NhppozUA,webext,20.0,20000000000,0,0,0
bjdbyYgoH1lWZCBt9zofGg,webext,20.0,20000000000,0,0,0
VVdoi7ES4tUrmux5eqU9hg,webext,20.0,20000000000,0,0,0
+gACcWp9Ms1DJu4nFzNiZg,webext,20.0,20000000000,0,0,0
8Nqx70B49fS05tFAwfMg1w,webext,20.0,20000000000,0,0,0
tOp60nyWpdu0evF7HQp07w,webext,20.0,20000000000,0,0,0
FRGhrbHLv/JDfC/2zqpMhg,webext,20.0,20000000000,0,0,0
qwF+bTn4uRdncpCVmCYLAw,webext,20.0,20000000000,0,0,0
bherAnBghpeWZ+80tliZAQ,webext,20.0,20000000000,0,0,0
LR/JKov1LirQLclOwB4SXA,webext,20.0,20000000000,0,0,0
nJFSq+GgDDykgr5viejsQQ,webext,20.0,20000000000,0,0,0
YZiL7skkYkGe1TNHtSZ5Kw,webext,20.0,20000000000,0,0,0
QwY/GCnSuzkwTPBssHZEMg,webext,20.0,20000000000,0,0,0
Kc2QSO1ca2CMDDYP5yuiaw,webext,20.0,20000000000,0,0,0
XV02nUXHAE1bfJnGTIX1sg,webext,20.0,20000000000,0,0,0
mEmtP87x/HpAjQSWHF9PbQ,webext,20.0,20000000000,0,0,0
JDh8E6+FJlYKYK6S16IxrQ,webext,20.0,20000000000,0,0,0
bJM4HXnAntoG1sxkFnMo2A,webext,20.0,20000000000,0,0,0
wL2P6MBrW2JM2OlYSIxMVg,webext,20.0,20000000000,0,0,0
8jC2RyoJ4yjSOcXZs28BQg,webext,20.0,20000000000,0,0,0
ttvzelSMozYf3eRWDe6kZA,webext,20.0,20000000000,0,0,0
yYue2jER5aKtGrNLR+0BbQ,webext,20.0,20000000000,0,0,0
S0/xg3MSifT9leNb19VCOA,webext,20.0,20000000000,0,0,0
dqy/nHHv80lw6/FZoJK3Pg,webext,20.0,20000000000,0,1,1
k0DLuT4s7tM3E5GV2OVBtQ,webext,20.0,20000000000,0,0,0
RB1dr4VtAOfF9pd/fV85uw,webext,20.0,20000000000,0,0,0
+fKESfzmkvXbDP9dcBO9Og,webext,20.0,20000000000,0,0,0
p9f+XhsFJfPU2p8DjbvMMg,webext,20.0,20000000000,0,0,0
mdBh5Ad5mMPIIdEsu0fj/w,webext,20.0,20000000000,0,0,0
uui2kvS+r0G+OOJjn41ZhQ,webext,20.0,20000000000,0,0,0
aptPBDP2PLiBZ3z5uaaUWA,webext,20.0,20000000000,0,0,0
HPo24KFVHH1n96njFBXgXA,webext,20.0,20000000000,0,0,0
bQVKykofhbQB96sKUqiEmQ,webext,20.0,20000000000,0,0,0
Wq8jKWtc2zCwmGJrW2P0YA,webext,20.0,20000000000,0,0,0
QWD/7S3BzC6mZGsPVyPr3A,webext,20.0,20000000000,0,0,0
ZOGe2OrfgafJYHANBFMgTw,webext,20.0,20000000000,0,0,0
ScxljEXjTkKSiOylz5YVTQ,webext,20.0,20000000000,0,0,0
BSTPudkoLdHQi+BIkmIvyA,webext,20.0,20000000000,0,0,0
FHq0hYK6Mfu8/vwEU98OFw,webext,20.0,20000000000,0,0,0
w4c+E1gldfYhKiWTazfavA,webext,20.0,20000000000,0,0,0
YT3xaPQKpwm9pJaRIj0oIA,webext,20.0,20000000000,0,0,0
CsVswa7XhsQfi0ChBDFRXg,webext,20.0,20000000000,0,0,0
lirX6+E5spELI8zL92/0Cw,webext,20.0,20000000000,0,0,0
cF8aRB+LFsq6dHGv0mEyIA,webext,20.0,20000000000,0,0,0
dcvhbm86YGzX1N3VxZenvQ,webext,20.0,20000000000,0,0,0
pqcx5IULBiFsGxy5ygX6RA,webext,20.0,20000000000,0,0,0
eqHfKEMKoXvhraqa4MD7uA,webext,20.0,20000000000,0,0,0
EvYGU4IkbCO3USq6/J8Fug,webext,20.0,20000000000,0,0,0
tezDaOBBIWICq0X/wBMW3A,webext,20.0,20000000000,0,0,0
i1hQKEARjFeLltA5fY7xlQ,webext,20.0,20000000000,0,0,0
8sl6uCBmF0uIHhVUonsCXw,webext,20.0,20000000000,0,0,0
3a23G97woZjnsG9AlL4uGw,webext,20.0,20000000000,0,0,0
4fOC5BW9wAcou5xdsPIbbw,webext,20.0,20000000000,0,0,0
rq1SK13fUD1RDGQfURe3dw,webext,20.0,20000000000,0,0,0
JqK/m9cBBzpdSkPM4Q6OQw,webext,20.0,20000000000,0,0,0
G4gRg/J1G7PiFEnemYuAxA,webext,20.0,20000000000,0,0,0
n+LVvMSG2agtbXWfHI+WKQ,webext,20.0,20000000000,0,0,0
QFVuFZDMub9KGpVgrk1hNA,webext,20.0,20000000000,0,0,0
sZmmId11yWTU7hDLr+dK0g,webext,20.0,20000000000,0,0,0
cGFfoCzt7bEmfviK3P7/8w,webext,20.0,20000000000,0,0,0
oS4eQRuPB3PVsN0MNQj9Kw,webext,20.0,20000000000,0,0,0
RJxj5LETpT5TcpY2ro+WDQ,webext,20.0,20000000000,0,0,0
e1kdIs70UZZnoGkUFRo7fQ,webext,20.0,20000000000,0,0,0
/4VRqMWPrTU7i6mD1C7fVQ,webext,20.0,20000000000,0,0,0
Z+JyCPcixQ0s3BSE4tuGuw,webext,20.0,20000000000,0,1,1
4DgU440h2+PkHoqDb0i+fA,webext,20.0,20000000000,0,0,0
WSw0SaaJxahPR4C/CoJv6g,webext,20.0,20000000000,0,0,0
QWRR3jvj/UA0XKBhODLjNQ,webext,20.0,20000000000,0,0,0
Dvg6bSZaRUfO9IyO1pNN5A,webext,20.0,20000000000,0,0,0
a/IrL6Hi5ik4l1hYe4xIEw,webext,20.0,20000000000,0,0,0
pIb9wFJR8qcKfzljOHNnXg,webext,20.0,20000000000,0,0,0
BgDjn/fYhaAKsxbEm25tLw,webext,20.0,20000000000,0,0,0
Y2EKBIy6rMIXX/8UtFroOQ,webext,20.0,20000000000,0,0,0
SjySkxgrUgeK9aXgKXyZcw,webext,20.0,20000000000,0,0,0
wpq3Xqki5toGhYaVpBCR3g,webext,20.0,20000000000,0,0,0
5BibPlDczqAVCp1CtkzaaQ,webext,20.0,20000000000,0,0,0
VlKoU8adXgqz1SKdiPOsxQ,webext,20.0,20000000000,0,0,0
A4eHFtYf0CY8RfNs6rb3lw,webext,20.0,20000000000,0,0,0
aUn3glluZuytyNlN9RjKjg,webext,20.0,20000000000,0,0,0
hV1XfBavNCvAXFOahhlJGA,webext,20.0,20000000000,0,0,0
RQp3jGwZxt6w4N2gMoId7g,webext,20.0,20000000000,0,0,0
QMyOCY8TEPuBI8MiKHU+kA,webext,20.0,20000000000,0,1,1
DTLGhSJ96qzHCCEsq+WjmQ,webext,20.0,20000000000,0,0,0
90jKrFACLABt7YxPJ3pI/w,webext,20.0,20000000000,0,0,0
CFn0oVoD7ZLk8Mm72FdIoA,webext,20.0,20000000000,0,0,0
y+d6ghVEiCYCUDM9LMv4Rw,webext,20.0,20000000000,0,0,0
m3HsbLKj5+tMDa+8yzkb3A,webext,20.0,20000000000,0,0,0
NAp91GV7iArLrz5XGe0nTQ,webext,20.0,20000000000,0,0,0
pLRvRsMpwN+3mVhU6BYZDg,webext,20.0,20000000000,0,0,0
6PhTdTzfBLAywD1hp4qGXA,webext,20.0,20000000000,0,0,0
iMqHYllQFw1FnI84VyJhvg,webext,20.0,20000000000,0,0,0
4VqKHoxzECQwctadE22Ulg,webext,20.0,20000000000,0,0,0
j3pnJ1ASqrWtJfRr3oPT5w,webext,20.0,20000000000,0,0,0
8PGDqwKPESqZo2nLr3l09Q,webext,20.0,20000000000,0,0,0
bpS+59Ld1ts8nMSEgVbkEw,webext,20.0,20000000000,0,0,0
2zhPpboBhUS1k5l8M6V6wg,webext,20.0,20000000000,0,0,0
pq6xtH0Qh0ipWz+u4NcQCQ,webext,20.0,20000000000,0,0,0
CZTOj940YldCoRbERLISTg,webext,20.0,20000000000,0,0,0
WF7ItCV58w9XP4xjUg5J1g,webext,20.0,20000000000,0,0,0
XkWZkWGKC5xETm4LLlUoGQ,webext,20.0,20000000000,0,0,0
hg0zAuxc1tbbsh+94Vv1zw,webext,20.0,20000000000,0,0,0
djd9Jl76tjIXSvpQ4ODCmw,webext,20.0,20000000000,0,0,0
02WaM9y8yT0xhxn6zh4Z+w,webext,20.0,20000000000,0,0,0
IDkl/cFIIxoi8J2L89x+sg,webext,20.0,20000000000,0,0,0
OjeMOf9OKWQ5t07r9AarUQ,webext,20.0,20000000000,0,0,0
DNNmDyrb0WF2gC/zleHWzA,webext,20.0,20000000000,0,0,0
+LEMrQE6lgQEmMsHpaCMGA,webext,20.0,20000000000,0,0,0
h0kpfAfojemXN8rRUYRleQ,webext,20.0,20000000000,0,0,0
tAsrzvFshDjGPOP0XPAEJQ,webext,20.0,20000000000,0,0,0
jEJ1/dXkHg3W9ZXG8OaQ6g,webext,20.0,20000000000,0,0,0
sWKeqnz6SzeH16XfI1qExg,webext,20.0,20000000000,0,0,0
OM8z2HbrrbuQ30RS4c8b5w,webext,20.0,20000000000,0,0,0
Pn2gYk+gMM1bAC88YjQI6Q,webext,20.0,20000000000,0,0,0
bW9qrCmZXtSf9km5+wcebg,webext,20.0,20000000000,0,0,0
Dl/+NaaLo7NjHtdom21AeQ,webext,20.0,20000000000,0,0,0
WvgIhMqCHKFR9Gi+0Imkdg,webext,20.0,20000000000,0,0,0
Fu+zaItYqUt/qpdE/FPJZQ,webext,20.0,20000000000,0,0,0
J+WLSSGZt554M28aKA+5FQ,webext,20.0,20000000000,0,0,0
VLnqJr58PqBgDJeV/NIHZQ,webext,20.0,20000000000,0,0,0
HYyL3VMTtx9zBRXBjtDzdg,webext,20.0,20000000000,0,0,0
lP405jPcC+4gDScts4BKOg,webext,20.0,20000000000,0,0,0
Hi9pXoBOX6Aj60OHtJZGUw,webext,20.0,20000000000,0,0,0
41vKC58si65cqyrHzusYoQ,webext,20.0,20000000000,0,0,0
4VpRb3qSHkcppatV5TaK8Q,webext,20.0,20000000000,0,0,0
fuDHJX1zWHlbWqHAa5YtUg,webext,20.0,20000000000,0,0,0
Y77xI3mfbhszHw1JwrNqsg,webext,20.0,20000000000,0,0,0
4Z8e0lRwWVSR3m2bpYnmZg,webext,20.0,20000000000,0,0,0
IZctPeKEfj/Wfvyz4WkaTQ,webext,20.0,20000000000,0,0,0
EOm+FLNbgfzlClVsxRq9Og,webext,20.0,20000000000,0,0,0
12a6wHcR7BBvbmdCsGdi5g,webext,20.0,20000000000,0,0,0
Ac5R3ZYvnzl3zJ4uoLC1YA,webext,20.0,20000000000,0,0,0
JRfAprMSCAnbw7BWsCASLw,webext,20.0,20000000000,0,0,0
fwI9tBMuSQipUNAzbDif5g,webext,20.0,20000000000,0,0,0
OU/jJbuMM/XTG7GFFrc5+g,webext,20.0,20000000000,0,0,0
hC5qWezoXD8NCHdWSfEI7Q,webext,20.0,20000000000,0,0,0
XYEhlCUbpHSLjIXwb6lwkw,webext,20.0,20000000000,0,0,0
aqACxZZU8/AlXMXRSFhRAg,webext,20.0,20000000000,0,0,0
0eA+v6rUwb9vhlbK+35bYA,webext,20.0,20000000000,0,0,0
GX5U9Y5d3fEAfnj+rAhb7w,webext,20.0,20000000000,0,0,0
Nn3PTt7WWqwn6UgG6IQJGQ,webext,20.0,20000000000,0,0,0
r7uBlNhg6OW0qjw99gmhqg,webext,20.0,20000000000,0,0,0
wRHX3TTwVsU17FlCQQsY5w,webext,20.0,20000000000,0,1,1
HyghcnAf7J/K6p6Q4JArSA,webext,20.0,20000000000,0,0,0
C9S9ZS1gQjR8EpsjJHr5bQ,webext,20.0,20000000000,0,0,0
4aqn+lVAUO26wq7VQ6PJFw,webext,20.0,20000000000,0,0,0
BoTDElg8Hbm5xTvyO/6l7w,webext,20.0,20000000000,0,0,0
CQihikZ//2NgIGVNUjEgZg,webext,20.0,20000000000,0,0,0
M9VQTpIMPKXDOFQe6XrNHw,webext,20.0,20000000000,0,0,0
D0qWnuTnTfczosD985hqMg,webext,20.0,20000000000,0,0,0
64CYGJO3zKWDOk6CK1OYFQ,webext,20.0,20000000000,0,0,0
T8A/7qY2fdBVY+sJI65Xcg,webext,20.0,20000000000,0,0,0
4wBzZSEqLbcKpYvtSMAngA,webext,20.0,20000000000,0,0,0
FaIlKddHZBL3sSdAfAKrtw,webext,20.0,20000000000,0,0,0
6tatCJeRFPh5hEsC+/zUEw,webext,20.0,20000000000,0,0,0
VZglmqnE03RylynnSod3GQ,webext,20.0,20000000000,0,0,0
VxZW6s2uhgWizOD5Jt1idw,webext,20.0,20000000000,0,0,0
KH9TQvFfZzi99ZIr30Fn/g,webext,20.0,20000000000,0,0,0
3xRZQvw/gZgjb/MYjeVz3Q,webext,20.0,20000000000,0,0,0
kqvtLYt/0vao3dVVxNs0cw,webext,20.0,20000000000,0,1,1
fisuUcSlwNhC1lJwJCum1Q,webext,20.0,20000000000,0,0,0
tD7lrEKgm1TjVPdewICuTA,webext,20.0,20000000000,0,0,0
ZacqoBmirxpvsmMXJzNuiA,webext,20.0,20000000000,0,0,0
r0OOgk04YSTwVNK88nJ9uQ,webext,20.0,20000000000,0,0,0
qp8TqR6a2/udOCD13IjPyQ,webext,20.0,20000000000,0,0,0
VJsny5xUuqAIbezloeNusA,webext,20.0,20000000000,0,0,0
K9RIjQ168T4VJmMH/5TlgA,webext,20.0,20000000000,0,0,0
vlixPoznT96FUtv8HPcm+A,webext,20.0,20000000000,0,0,0
6KiOJT3CV2Cl+4W0oVe7Iw,webext,20.0,20000000000,0,0,0
v2H2CfQoKNO3lwcILK6hBw,webext,20.0,20000000000,0,0,0
EO6ZjkfTHeLcgz7ee0vH8w,webext,20.0,20000000000,0,0,0
Yw7bF+o5X5WEiiNI1Ho+Aw,webext,20.0,20000000000,0,0,0
drNsGCwbLzO/OL8rRYqLkQ,webext,20.0,20000000000,0,0,0
NbTepdP3DiRR0AR30k1LZw,webext,20.0,20000000000,0,0,0
ANSaD0vi4pCiPhTPAa24Jg,webext,20.0,20000000000,0,0,0
gc9cvxnIoxJZy/ypdMIk2Q,webext,20.0,20000000000,0,0,0
DMKp4ABcu7z0utA3jTSGBQ,webext,20.0,20000000000,0,0,0
muOyEwnAip6OVZdzbea7Aw,webext,20.0,20000000000,0,0,0
1Njqw2ZWEe9cb/DlFSkHMg,webext,20.0,20000000000,0,0,0
OAGWDnELJtGN2TcJ4/mQVA,webext,20.0,20000000000,0,0,0
9KhF/p6AF21CwJqGgIIK+Q,webext,20.0,20000000000,0,0,0
Z1Z7qaA2MoP1EVCh/ePPfw,webext,20.0,20000000000,0,0,0
rNotGW0jCES6IeqxoI/l8w,webext,20.0,20000000000,0,0,0
4xTL7aPXbnjIMGO+UytW1A,webext,20.0,20000000000,0,0,0
hwlgYVWQS0mrkw+sDRZZBA,webext,20.0,20000000000,0,0,0
v/VXNk2nKjSmeLuK5FKdRg,webext,20.0,20000000000,0,1,1
6++1K/DQFb3uE5UN25qMhw,webext,20.0,20000000000,0,0,0
8NWJENOWDinT5COXRrp3+w,webext,20.0,20000000000,0,0,0
w2ZJow7RVUDV5Lkc67fDNA,webext,20.0,20000000000,0,0,0
3Mkqu58FFl/HFSkd3u9e+Q,webext,20.0,20000000000,0,0,0
oXpcGduVJwvQqJQTJMYrwg,webext,20.0,20000000000,0,0,0
zB1eA3gVzWVKz8+F5H7kFA,webext,20.0,20000000000,0,0,0
mdvZhi/jgCtug5znR0UV0g,webext,20.0,20000000000,0,0,0
gaOHMscPlWrb/NDQBf2mbw,webext,20.0,20000000000,0,0,0
gWkOnnR0yEY9mdGblvoGpw,webext,20.0,20000000000,0,0,0
MmHAxH8vqBAKYjY5G8hQUA,webext,20.0,20000000000,0,0,0
bUh1yZ3jImD8qBJ7hCeG1A,webext,20.0,20000000000,0,0,0
SJEHt4Y7/zPUhQDS8gNDDQ,webext,20.0,20000000000,0,0,0
2J3dzQdPaLZX/lGtiWFg8g,webext,20.0,20000000000,0,0,0
s4LL+dNQErGGA5/47ZrApw,webext,20.0,20000000000,0,0,0
Duv06G6KlwgG/O8p1B0nWw,webext,20.0,20000000000,0,0,0
b9Dsg3L02fwokTj7tvYlyA,webext,20.0,20000000000,0,0,0
wL4MjCikBljfzsfE2GC7Rg,webext,20.0,20000000000,0,0,0
dNGe+zp3IWfkS5C/Gokk7A,webext,20.0,20000000000,0,0,0
BHK1SGurjgr0NgzSjD6Odg,webext,20.0,20000000000,0,0,0
nuhKEGjrduDZ76i2snSVkg,webext,20.0,20000000000,0,0,0
x3KKxF7Qw3TvyuMKpG5Zhw,webext,20.0,20000000000,0,0,0
fxSjw4Nt3QfH8rAAwCkbxQ,webext,20.0,20000000000,0,0,0
YhYSUmHc4rBLnFqaRjwG/w,webext,20.0,20000000000,0,0,0
5/80Zfh2tTqtc17f0rA3Hw,webext,20.0,20000000000,0,0,0
Q9ok/afC+VPbNW/p7HZPHg,webext,20.0,20000000000,0,0,0
RoRVyhwzvxm2GF2iSwoHhg,webext,20.0,20000000000,0,0,0
Aji6SBJUI0Li8OD5zOh6fQ,webext,20.0,20000000000,0,0,0
D7P4E+UcQw+dwQQRF05NKA,webext,20.0,20000000000,0,0,0
lrvYHvngfq/UIQNw7kiGQA,webext,20.0,20000000000,0,0,0
IgrFmPLcTOr53fnFrNUqyA,webext,20.0,20000000000,0,0,0
jAjHyro7oplMBG3jCowQjQ,webext,20.0,20000000000,0,0,0
mY7+jpIeKTu2QdP3ng8Dlg,webext,20.0,20000000000,0,0,0
i6lQFO/XQ6Qr/zKT7V0o3Q,webext,20.0,20000000000,0,0,0
wz1BcpHnRwOX+XFqAO05Fg,webext,20.0,20000000000,0,0,0
r4bar7+4ki2VQSCCdfRk+A,webext,20.0,20000000000,0,0,0
bc2fYrPSp6PKXsQXrWJa6g,webext,20.0,20000000000,0,0,0
R3lB4XbqWrJ5NalfoEmsxg,webext,20.0,20000000000,0,0,0
Vrd26BexegYMZgll9RpjeQ,webext,20.0,20000000000,0,0,0
FH/CaTNawNdOr84h0nK8MA,webext,20.0,20000000000,0,0,0
EtVSzWY04lOAIjQSwuUbQw,webext,20.0,20000000000,0,0,0
LHyI81xY11jcjjMOKCwCMw,webext,20.0,20000000000,0,0,0
AFqGvCcP7hqAg1to9wVHTQ,webext,20.0,20000000000,0,1,1
3Ntz06En3pRJTI8natOd/Q,webext,20.0,20000000000,0,0,0
tmItiq8R8V7ISXCW1nbxcg,webext,20.0,20000000000,0,0,0
O0gv4KHd3Rpwe4xB7oeyRQ,webext,20.0,20000000000,0,0,0
Q+S0yqctdUyxk8dMACgRXw,webext,20.0,20000000000,0,0,0
urH6hYe2utIFYJ3WdoE/Rw,webext,20.0,20000000000,0,0,0
Iomlp5dhre0TZimmGRMr/w,webext,20.0,20000000000,0,0,0
IZIfieA+JuENBbEI68/tZQ,webext,20.0,20000000000,0,0,0
eLO0X2aYFdrelPRAUrVsgA,webext,20.0,20000000000,0,0,0
8/mZkpfBdbOZzxvh2EDkHw,webext,20.0,20000000000,0,0,0
S25jqT4AN3SwbrrXEDbx+g,webext,20.0,20000000000,0,0,0
vEouJ5YAf3J0FIsSVO5elw,webext,20.0,20000000000,0,0,0
4zYYGCxO7pDadkh6p2NEPA,webext,20.0,20000000000,0,0,0
mUhZ3oZ0RyYbOH7vOlQ/mg,webext,20.0,20000000000,0,0,0
CkDZs87jRfoUPUw4Sw8p/Q,webext,20.0,20000000000,0,0,0
dTm9YJH1YKp7X/qUDZUfhw,webext,20.0,20000000000,0,0,0
GPEhzQ0fMLullPkBPGhDXA,webext,20.0,20000000000,0,0,0
L4V62zclIVr1sz5MkGFevA,webext,20.0,20000000000,0,0,0
zl7L1ydO4hPw7Qx9tyQwug,webext,20.0,20000000000,0,0,0
h+nm23T+QuB3jyaSBs7Epg,webext,20.0,20000000000,0,0,0
OevC8crHJhKy6iIMZqPXTQ,webext,20.0,20000000000,0,0,0
JBlX34L5ugWIBdPZy+JFRw,webext,20.0,20000000000,0,0,0
E8iLvtUs5RF0X7JiyRuYOQ,webext,20.0,20000000000,0,0,0
YTizKzWG61gi85jKbdQE3Q,webext,20.0,20000000000,0,0,0
89T2T6aHNCr8q4uQ5RgT5g,webext,20.0,20000000000,0,0,0
nYV5QWQTtb9F7cFoyxkN8g,webext,20.0,20000000000,0,1,1
Skic2zOi35YqVDGh7aT9KA,webext,20.0,20000000000,0,0,0
v+GeqqkZttUWzkS6GPq2bA,webext,20.0,20000000000,0,0,0
UcII0ABgm4PkW5A7mmC8Tg,webext,20.0,20000000000,0,0,0
n7wquT8ikwdDLtHBhNqVbw,webext,20.0,20000000000,0,0,0
5EgK6OaQWRxKV7vkwgrv/w,webext,20.0,20000000000,0,0,0
+ElC0v4W1AIlJ/cal+oaUQ,webext,20.0,20000000000,0,0,0
PWr3bHm2eO9dWRubiZIY+A,webext,20.0,20000000000,0,0,0
/7abpYuHuBmhYTYi5R0Kfw,webext,20.0,20000000000,0,0,0
29LxkF+7SsaEX3yyCng2AA,webext,20.0,20000000000,0,0,0
YwBWmZyVmDR065WkBSFIIw,webext,20.0,20000000000,0,0,0
7qSNvpJkiuQnyu40Ip1Y3w,webext,20.0,20000000000,0,0,0
XsXIOOlnCiGRy1u+KNAfIw,webext,20.0,20000000000,0,1,1
EwCXaILNJnQcQJWhk2lQlQ,webext,20.0,20000000000,0,0,0
OhMUQGHBULiST3ERRHyTpQ,webext,20.0,20000000000,0,0,0
e6rkgaTxKNW0Srq5X2Ei+Q,webext,20.0,20000000000,0,0,0
TvnEiyyEYFy//EbvSHSHCg,webext,20.0,20000000000,0,0,0
193Jchd2e0RlM51jApk7AQ,webext,20.0,20000000000,0,0,0
zPDBtxrHFYhpBkLMWNI/6w,webext,20.0,20000000000,0,0,0
UNKVIMCG9xSquboV5LhBZw,webext,20.0,20000000000,0,0,0
KojcNOjt5EiUQPmQB7yPxw,webext,20.0,20000000000,0,0,0
ESAYkUi9/RuQ9KnyRjYMyQ,webext,20.0,20000000000,0,0,0
AI2p2tOwBSkBC5DOMCtLtw,webext,20.0,20000000000,0,0,0
rXmoT8btGTiGlkkY2fjQEA,webext,20.0,20000000000,0,0,0
FzuqJJFUAXA0SWj3qSbTYg,webext,20.0,20000000000,0,0,0
VAcbG5+145R960d4TL6ciQ,webext,20.0,20000000000,0,0,0
JP2YAysbP6rwRya26rTmwA,webext,20.0,20000000000,0,0,0
leC4tqOH5iskpV2+YxThVQ,webext,20.0,20000000000,0,0,0
fDCr+jqXhceKmaM4zBD2fg,webext,20.0,20000000000,0,0,0
bzaUd9aDxscP5K4Sjgib8w,webext,20.0,20000000000,0,0,0
obL3dfDtkz/GNaEOFZl7Ng,webext,20.0,20000000000,0,0,0
h0rR3KCmEeaEv0laRshkfA,webext,20.0,20000000000,0,0,0
7qdrhzXG7CYrCKYuEQXoEg,webext,20.0,20000000000,0,0,0
lBSdpCYCyEjhMLlGKa0OMA,webext,20.0,20000000000,0,0,0
HS1LFlRDCsIesI24ss3RMQ,webext,20.0,20000000000,0,0,0
quTX50BhXdSaSQinXS/whg,webext,20.0,20000000000,0,0,0
VlH/8xf3og1cA+HdEYLAjQ,webext,20.0,20000000000,0,0,0
lnsLiEWholvcxmS3bjs2zw,webext,20.0,20000000000,0,0,0
IlUAvbM+g6OePiew+Ua9Qw,webext,20.0,20000000000,0,0,0
Oy9fDlC7knin9n0mLfqgiQ,webext,20.0,20000000000,0,0,0
HSsld0wY4QYWiNobHhuivw,webext,20.0,20000000000,0,0,0
sh5mOWDkuKQQnjQdzM6D2g,webext,20.0,20000000000,0,0,0
e0VP/PpvsmyK8k9YJ2sduA,webext,20.0,20000000000,0,0,0
ZNxmm+kmV5wdtjJRYSl5Qg,webext,20.0,20000000000,0,0,0
3SErzWzgUHtFIcKIbZvKBA,webext,20.0,20000000000,0,0,0
4rVUltMADXmdngbRLRptGg,webext,20.0,20000000000,0,0,0
j+ivsk6dle94cIZS97H7vQ,webext,20.0,20000000000,0,0,0
wR6lHno0h2ytHopNp06w8g,webext,20.0,20000000000,0,0,0
li6LtjQN+8RbuqQjDdNdkg,webext,20.0,20000000000,0,0,0
yFMR26j3Ma0bJSaWZ6PBVg,webext,20.0,20000000000,0,0,0
19Z8GtYmvqt1KYlUM9GFIA,webext,20.0,20000000000,0,0,0
fuMSEXimm91MHx99ujP83g,webext,20.0,20000000000,0,0,0
DnLCXpk9v8ilyYCv9rgocg,webext,20.0,20000000000,0,0,0
tnDbCs1RA2Rw0QEQANt5pQ,webext,20.0,20000000000,0,0,0
maN0msLIjOtyK9y2Cvy1Sw,webext,20.0,20000000000,0,0,0
KIn8AAFd+Cl8B0rmRRONYA,webext,20.0,20000000000,0,0,0
rscz69W8aANKSxpxeiRCxA,webext,20.0,20000000000,0,0,0
l+YByxdLGLX3JuCsv93Bkg,webext,20.0,20000000000,0,0,0
beV4jQQoY2rFMsEjsBgS7g,webext,20.0,20000000000,0,0,0
FyxXfc0fDTvHgN9eqFIj0A,webext,20.0,20000000000,0,0,0
tFlRaHGV0JrxZu3GzLh3Rw,webext,20.0,20000000000,0,0,0
XtIvtGdqVxnwRqjCx8ow6g,webext,20.0,20000000000,0,0,0
mEAwYO7sPSHsnRvRjgpw2w,webext,20.0,20000000000,0,0,0
It2xGwbeKndwzKIFuWWxjw,webext,20.0,20000000000,0,0,0
r6oyO3/Tw+VedaQCbIL8/g,webext,20.0,20000000000,0,0,0
isV90Gupd9ebn/IOaItPaw,webext,20.0,20000000000,0,0,0
r5ScrkesNhpZ2lOf7w0yXQ,webext,20.0,20000000000,0,0,0
yywnBD2lgg/D7cFLbK7lyg,webext,20.0,20000000000,0,0,0
xuIDSXYvAd8zA2sJflOw3g,webext,20.0,20000000000,0,0,0
yW7whHhU5VeOFfZkrfqlEA,webext,20.0,20000000000,0,0,0
Wu1nI/FQv21fzTj4RpHmJw,webext,20.0,20000000000,0,0,0
jJ136WueOxO8spDPG9NGdw,webext,20.0,20000000000,0,0,0
G1dEzdhzc8bg0uteyfhvfw,webext,20.0,20000000000,0,0,0
mk2HW2pevq+DSjP8j8wT1g,webext,20.0,20000000000,0,0,0
jmsZFBNUrRp0VaLEiQp7BA,webext,20.0,20000000000,0,0,0
FaTpVEmiVzZY2SRhxAh38A,webext,20.0,20000000000,0,0,0
mJfGQoVcZlOwNzqV702Kgg,webext,20.0,20000000000,0,0,0
YAZu/Z+OyE8+FMfc3VK6tg,webext,20.0,20000000000,0,0,0
UlFOaAAZPrSEBOgzzVH13w,webext,20.0,20000000000,0,0,0
1DmdMaBbViEiHGPAnP8WYQ,webext,20.0,20000000000,0,0,0
js4M+GnFDe+KFATbwCb7DQ,webext,20.0,20000000000,0,0,0
031aeabr8wTN0W3yX3DOQA,webext,20.0,20000000000,0,0,0
x21lWpsRSARyOcpzrOxpXw,webext,20.0,20000000000,0,0,0
xMlpRSimCUO3z7Zfnj1OWA,webext,20.0,20000000000,0,0,0
V4ISzRjOg1nh1sfsz6DE7w,webext,20.0,20000000000,0,0,0
eXFDKLW+NqyZ6wQVbBzMIg,webext,20.0,20000000000,0,0,0
xNhJ6uV/HJGC+2MtHIsk4A,webext,20.0,20000000000,0,0,0
G6w1aLdJr7C4wGAMo2nr+g,webext,20.0,20000000000,0,0,0
2/pphQYPNkhdv2j4CDj15Q,webext,20.0,20000000000,0,0,0
5smziEiJha0t+aihC343Fg,webext,20.0,20000000000,0,0,0
Okgf9gAxD9jpqwl3DiVGSw,webext,20.0,20000000000,0,0,0
ugfY8QbMKTpnHqTv29cQ6A,webext,20.0,20000000000,0,1,1
FTJRCC2XV/VayrBDtLKzaQ,webext,20.0,20000000000,0,0,0
G91PL7/crd6pP+2NoizhpA,webext,20.0,20000000000,0,0,0
yzZF7LjXaLEaovipR4iLgQ,webext,20.0,20000000000,0,0,0
L1C6jYo0Q/+lZHXPwtomKg,webext,20.0,20000000000,0,0,0
MV0HOu5ZUTb4dteS3dCX9w,webext,20.0,20000000000,0,0,0
9UjGc3sOtP6XsmbHpN3WJw,webext,20.0,20000000000,0,0,0
STsL2AnG6zb9FkgvDQNnag,webext,20.0,20000000000,0,0,0
3jI9jtn5vRtLTOeil9MX6Q,webext,20.0,20000000000,0,0,0
C2pZVsvDlDdnepmy3I09dQ,webext,20.0,20000000000,0,0,0
zgfW0i8ttAjMcZ3oVRtAIw,webext,20.0,20000000000,0,0,0
cHc/2tfoAfq/NQ3f92QVHw,webext,20.0,20000000000,0,0,0
pgAdazF/vKCBTOz0cNLOmQ,webext,20.0,20000000000,0,0,0
6AHZRX8NHlT6z3UXVlNaww,webext,20.0,20000000000,0,0,0
Q7pQFr7iK+/Yyw2ACeb0Ew,webext,20.0,20000000000,0,0,0
7qd5/cWC+tTZeAM8EMKmGw,webext,20.0,20000000000,0,0,0
NBa65Sw/bQhrsUaXgjFyPw,webext,20.0,20000000000,0,0,0
S0LNZugSxDZFNM0CA9YeRg,webext,20.0,20000000000,0,0,0
1BSSAOkn9WH8ObOrwgXVkQ,webext,20.0,20000000000,0,0,0
pRIyaaf0oRzaoTG6rLdLrQ,webext,20.0,20000000000,0,0,0
BB6NO+WJT66J/IkflZ2xdg,webext,20.0,20000000000,0,0,0
LSj2YJpzqeqzsliNwZWdZg,webext,20.0,20000000000,0,0,0
H6OF8nmuMdpMaungXj9rbw,webext,20.0,20000000000,0,0,0
uK/sNzKVV8f6oIDz7o9lQQ,webext,20.0,20000000000,0,0,0
l82TzXjNwVo1CXfJaHJVSg,webext,20.0,20000000000,0,0,0
q6FU88d4O7dx63+apsfw7g,webext,20.0,20000000000,0,0,0
hmoWAhicys030ThzQT7EWA,webext,20.0,20000000000,0,0,0
AtvnNmkRrENnR/3IisWT/w,webext,20.0,20000000000,0,0,0
IcTvvsfQq5W4jy1dUh0LXg,webext,20.0,20000000000,0,0,0
uei8BuD7oh+Gwq11Es6JuQ,webext,20.0,20000000000,0,0,0
7E/Qy2t5DXppO5SbE6TnKQ,webext,20.0,20000000000,0,0,0
oAKl3meFEVTW7ZrHiDnp5w,webext,20.0,20000000000,0,0,0
5yppHeKbOJumxj8HfxkSPQ,webext,20.0,20000000000,0,0,0
5GVfywL856O05PaEPwKiOA,webext,20.0,20000000000,0,0,0
RXRUvjb/gwUN/zlOeFT7dg,webext,20.0,20000000000,0,0,0
vxXypV78wsqRSZQVdWfM7g,webext,20.0,20000000000,0,0,0
lTFjEGJU3tFExiIGqVvT7w,webext,20.0,20000000000,0,0,0
7c78O5sMRDmC7Jal6ey5pA,webext,20.0,20000000000,0,0,0
hGdCy5MIPgI7wzkzQuLcRA,webext,20.0,20000000000,0,0,0
yRHpXhKGc/U8SOqaPNcavw,webext,20.0,20000000000,0,0,0
4sKE1E0GWytWsRE1WeLnMg,webext,20.0,20000000000,0,0,0
Ni2QU/8ZkfubHHBXEX48Zg,webext,20.0,20000000000,0,0,0
EzQW7v0BK73E/7fofhYurA,webext,20.0,20000000000,0,0,0
j0NVQCEI4hLHbNeM1tLejQ,webext,20.0,20000000000,0,0,0
V50BYdFk6Z6VRNArAf63MA,webext,20.0,20000000000,0,0,0
CcgFXNZq4Sf8uZCA1dGN9g,webext,20.0,20000000000,0,0,0
oXifh3XbrDQGuLSN9bh2rQ,webext,20.0,20000000000,0,0,0
1bCKV+zITijeuhR1xAR7iQ,webext,20.0,20000000000,0,0,0
4s1JtGJB3hNXdiabGInjtQ,webext,20.0,20000000000,0,0,0
TvqSc+1ELrQ0mGVhg8FFlg,webext,20.0,20000000000,0,0,0
o8URIfeTQXPsAuN7UaCPaw,webext,20.0,20000000000,0,0,0
rb8/3TQAu8x7H12Jicg2mw,webext,20.0,20000000000,0,0,0
HTQ4oRVZM05CBF2MO39tBg,webext,20.0,20000000000,0,0,0
nvNBUjPi3WSiQLjAlM7TYA,webext,20.0,20000000000,0,0,0
lM34UJTfkWEI8C95nE1UGw,webext,20.0,20000000000,0,0,0
dUexiMfiysymgyhKidKi6Q,webext,20.0,20000000000,0,0,0
bRd0THcDo30s0Wj34xWt+g,webext,20.0,20000000000,0,0,0
4hWWMdR+0ZBjFRuYq579DQ,webext,20.0,20000000000,0,0,0
uKmfb0b+Vn/YSy8OCPPeKg,webext,20.0,20000000000,0,0,0
K+byHJr2gVRyIRe2Wa7AGg,webext,20.0,20000000000,0,0,0
NJqF0+jgohuS+rnCrGiYig,webext,20.0,20000000000,0,0,0
UXgJZfY8qWgqHQYaBiL2qw,webext,20.0,20000000000,0,0,0
XJwaSbDv/dtz0fad4cTLUw,webext,20.0,20000000000,0,0,0
UzzEmo556/FlPuj2h+vQuA,webext,20.0,20000000000,0,0,0
U2rBjFypXmDO5ZqI8BOfwg,webext,20.0,20000000000,0,0,0
zg/128FERFhmgBxapNvi6w,webext,20.0,20000000000,0,0,0
8jIEwCgTTZv9OP7Bg0K08g,webext,20.0,20000000000,0,0,0
YTh3Kj5pEsHck1WJ3UwwGw,webext,20.0,20000000000,0,0,0
GoFLCJe6j/gHV0i9ztnBlQ,webext,20.0,20000000000,0,0,0
6uffC+jXO+gBAmKmqaHFFA,webext,20.0,20000000000,0,0,0
i+/TwoL6K38x1X2+CDYvkQ,webext,20.0,20000000000,0,0,0
pAESN7sDbnaA9pqilGM2Ow,webext,20.0,20000000000,0,0,0
za0xEtm7VPNn0JkYh5Eghg,webext,20.0,20000000000,0,0,0
BnWbpD/30BHBoVumVz0Llw,webext,20.0,20000000000,0,0,0
1oRSyOK8DR2SkfYzb3BkoA,webext,20.0,20000000000,0,0,0
meFWwgTjyxLEjRgvpuv2lA,webext,20.0,20000000000,0,0,0
S712sdozIdnfzsGyhWZWnw,webext,20.0,20000000000,0,0,0
uAmiyVWW2ObDs7v8Ep+Kbw,webext,20.0,20000000000,0,0,0
q9pxKtMn/mGE+Cezel5bSg,webext,20.0,20000000000,0,0,0
SCCedvAKxDEUFwCxOknbcg,webext,20.0,20000000000,0,0,0
xs//Ch7CeyG8n6bNmBiRkg,webext,20.0,20000000000,0,0,0
rOxccdGfydX2nO46D3YIHA,webext,20.0,20000000000,0,0,0
DXO/Geokx25T1IP9gK2Sew,webext,20.0,20000000000,0,0,0
DLbBwShvRbDyzKQgjtPriw,webext,20.0,20000000000,0,0,0
yn4WGD0wSVOvscGd9hDvRA,webext,20.0,20000000000,0,0,0
uDZEa/nBzlLJlYrTcP4hZQ,webext,20.0,20000000000,0,0,0
HYmIrNiq94Ix03g7hbYrFw,webext,20.0,20000000000,0,0,0
VwZOOWuT6sCd8NieNX2LUw,webext,20.0,20000000000,0,0,0
orGvqdg7a0oNcb5gFU99Pw,webext,20.0,20000000000,0,0,0
JomtzobYqe2tFcv5KIUHZA,webext,20.0,20000000000,0,0,0
IyPO1i9ZAygfAlLIIOQklg,webext,20.0,20000000000,0,0,0
frCKc5cHleNkHy7tJAtjBQ,webext,20.0,20000000000,0,0,0
SGaIsFjeRNNw8TiKwZYDsg,webext,20.0,20000000000,0,0,0
FZuR17OpQbDjx3gSPQqBhQ,webext,20.0,20000000000,0,0,0
V2f6TaqFJqvGROJuaXp9Qg,webext,20.0,20000000000,0,0,0
b3PIjEGepPcZHrdsYTmZVA,webext,20.0,20000000000,0,0,0
x9xYrum1EuVuj1kL2pO/XQ,webext,20.0,20000000000,0,0,0
ijU3kR9SajQXSaUcwIT1Wg,webext,20.0,20000000000,0,0,0
N8NRX6z6RI+ishNNFbNU9w,webext,20.0,20000000000,0,0,0
eSHo66bACpWO7MkZi3zjLQ,webext,20.0,20000000000,0,0,0
uPvksmJYGMwAL5bcO/hr3A,webext,20.0,20000000000,0,1,1
CYKfe8iD4fY9YK/M4gO10g,webext,20.0,20000000000,0,0,0
sE041p7W6RvrP+svGW/6rA,webext,20.0,20000000000,0,0,0
j71daZyFutzrITfWrsl6Zw,webext,20.0,20000000000,0,0,0
yfTFm8fJTH0hm/DE8uf+FQ,webext,20.0,20000000000,0,0,0
pt9H5XDtbuiqDLnF3AciYQ,webext,20.0,20000000000,0,0,0
APfYrncFQTe4bf972vHSFQ,webext,20.0,20000000000,0,0,0
Hjk9wyJBPznwnciDY3SdMQ,webext,20.0,20000000000,0,0,0
W6VcN0OQJj+BcipatgwHnA,webext,20.0,20000000000,0,0,0
XivJeJGXLiQBQyfuV/jzPg,webext,20.0,20000000000,0,0,0
GQ/W28vmg4w9sagwQcKOYA,webext,20.0,20000000000,0,0,0
sPS6s1M6xeJd4QbNX5cJcA,webext,20.0,20000000000,0,0,0
7Z9gU06Sk+N030vJ2tzmRw,webext,20.0,20000000000,0,0,0
KNzGMgEQjA1wb8abFj6ayA,webext,20.0,20000000000,0,0,0
8icmnrk9QhV8vVpqqSvYUg,webext,20.0,20000000000,0,0,0
/YQUCRl1D2ltwgmhJVIgCw,webext,20.0,20000000000,0,0,0
tUK5d1QKvflRuQXgCJXlpA,webext,20.0,20000000000,0,0,0
njQoi7yI0mn6WaeEexF0xQ,webext,20.0,20000000000,0,0,0
N4b0QO8y8QgPZzSTb8gdZg,webext,20.0,20000000000,0,0,0
txQ7U/6fyIaQtBNjdrsY6w,webext,20.0,20000000000,0,0,0
2uAyHAdgYAg//hdL618LmQ,webext,20.0,20000000000,0,0,0
HB7ZrblrYbwqtHZ65cy04g,webext,20.0,20000000000,0,0,0
c39tugwQ1aCAlBy+BchxLA,webext,20.0,20000000000,0,0,0
8VYC4+eAkoyN4LiyM1ObVA,webext,20.0,20000000000,0,0,0
hEOt93DFmBhJiD5A+RnSFw,webext,20.0,20000000000,0,0,0
5+5CPYeHag7VTYjId+Y7dA,webext,20.0,20000000000,0,0,0
djtPHDSLcZVNzoQn+2sudA,webext,20.0,20000000000,0,0,0
4LwwXRIO+2x6iGtogtbWig,webext,20.0,20000000000,0,0,0
1GUObjp1eOwcRRjc9/K9Iw,webext,20.0,20000000000,0,0,0
fdJ5InIV8kYxk5bf7WU9mg,webext,20.0,20000000000,0,0,0
TukoUa2NT1Sq9CaVOUKEcw,webext,20.0,20000000000,0,0,0
RcW0XeECppZ0W/qOpbJvHQ,webext,20.0,20000000000,0,0,0
Ep75lCfeClPl3Ft4dET/ng,webext,20.0,20000000000,0,0,0
35cs0tpDi2Ynhc7xsItVKA,webext,20.0,20000000000,0,1,1
2/XVkz6F5ibcj3y4biVS9Q,webext,20.0,20000000000,0,0,0
qQyRuH+de+xN6H2re8aKsw,webext,20.0,20000000000,0,0,0
wDehbZ0yWgC52h+6B7Fb8A,webext,20.0,20000000000,0,0,0
Y5bwxkUSNSgO0NKonDe3YQ,webext,20.0,20000000000,0,0,0
69YMe4pyCs6PreMO1RCO8w,webext,20.0,20000000000,0,0,0
oCXo4VsjSngkfy0icV9J8g,webext,20.0,20000000000,0,0,0
ITecdNUVVS7t73xZI7yF6g,webext,20.0,20000000000,0,0,0
mOO/bKG2tFmNWFCzthEWiA,webext,20.0,20000000000,0,0,0
9se1J6RnQRR+nOZOsmXE6A,webext,20.0,20000000000,0,0,0
BarCCknmFF0FiFer/Q+rfw,webext,20.0,20000000000,0,1,1
wf8LdQbS0LWjRn7Jn218Eg,webext,20.0,20000000000,0,0,0
7vdngMtFgYN5Zyh9NNZcFA,webext,20.0,20000000000,0,0,0
TDMTn+8ky/qojHqeE/ZNjQ,webext,20.0,20000000000,0,0,0
pA8RDuxYunw46NZcpFT8nA,webext,20.0,20000000000,0,0,0
oNhhqjVFStwZWEzv1Xog4g,webext,20.0,20000000000,0,0,0
vj2bF5mh8gzj4+kjbWx4pQ,webext,20.0,20000000000,0,2,1
2dTtSLGwqj/cEl+/7RpagQ,webext,20.0,20000000000,0,0,0
soRMJIrY0kr+L4nBtKcmbw,webext,20.0,20000000000,0,0,0
jO0v399epm4/3QObIP8Q3g,webext,20.0,20000000000,0,0,0
KtKN6/OSiMDfj+KT5Kl3nw,webext,20.0,20000000000,0,0,0
tFDL9PKnE5f9wsy4Dxbptg,webext,20.0,20000000000,0,0,0
pvj/YUJ7u7qVlOlCcW+HMg,webext,20.0,20000000000,0,0,0
EpHhHE3JDIkcoEbZNbwJxg,webext,20.0,20000000000,0,1,1
CLNOyGLfbRBG7I2j+9je0Q,webext,20.0,20000000000,0,0,0
lZ9fXao+1H7nk+2N1OpGYg,webext,20.0,20000000000,0,0,0
m54NeTi9pzZZNie4VxNkNw,webext,20.0,20000000000,0,0,0
56yOrC6FUsjzxrexhhIt9g,webext,20.0,20000000000,0,0,0
75FZLKQFqIcKn9m19ZERRw,webext,20.0,20000000000,0,0,0
bkox9Is9HdIBAFdZB+AUvQ,webext,20.0,20000000000,0,0,0
uS0X7GU+lVm29tlznQ9krw,webext,20.0,20000000000,0,0,0
OG+1i1IpROMfHOnWMvlcmg,webext,20.0,20000000000,0,0,0
aGc+9KVbFllpA/M/W4wrqA,webext,20.0,20000000000,0,0,0
/hjNJM7970RjbtYejSvOAw,webext,20.0,20000000000,0,0,0
TvaM2AVfOUYRmPF0yLSvZw,webext,20.0,20000000000,0,0,0
m0wwR4otBgDGdd/0CL1lhw,webext,20.0,20000000000,0,0,0
Uz02bTkJ5+xp7OAugnP7LQ,webext,20.0,20000000000,0,0,0
XT1OvN/g4/3pB14YcLyNsw,webext,20.0,20000000000,0,0,0
y+jf9caBFdw1JlKq5v+jAQ,webext,20.0,20000000000,0,0,0
N2Vol6Axc+H64uIN6ioQOw,webext,20.0,20000000000,0,0,0
ytxDUHM6IskNsC0rE0YZvA,webext,20.0,20000000000,0,0,0
19sHsfFiYXe6GUnxwObcfQ,webext,20.0,20000000000,0,0,0
FPtXxmhzpMZlX24UqOD1Ew,webext,20.0,20000000000,0,0,0
od/VMSqu5g0E7r6H26mJLg,webext,20.0,20000000000,0,0,0
1bFbK6IhuFgwyRUNfxma4Q,standalone,5.0,5000000000,0,23,1
muH0tcO+JPj27XKryz9tmw,standalone,5.0,5000000000,0,31,1
iaPNn1rEfd31jYsFsdLstQ,standalone,5.0,5000000000,0,20,1
GXg5UVtydtbs/f55oF0Gew,standalone,5.0,5000000000,0,17,1
4d7IbVPsFHi+Gp2XpY33yQ,standalone,5.0,5000000000,0,19,1
emP509G0m7Dn+fTxyxazjg,standalone,5.0,5000000000,0,24,1
58N6tMrAoUlyEW8DzF07/g,standalone,5.0,5000000000,0,13,1
eR6kklSvIXIB1ovuk4+SWQ,standalone,5.0,5000000000,0,22,1
bLoeWGpUinqn3goaCpodHg,standalone,5.0,5000000000,0,15,1
V/ba4nGac/dLdTMoH1YcLQ,standalone,5.0,5000000000,0,37,1
vYgD0+GTb7YKzF2L3qxEGQ,standalone,5.0,5000000000,0,29,1
3A+qnaoHUhRGDjageRajYQ,standalone,5.0,5000000000,0,23,1
kGCQcIhIDG+BH4Y0pY7Htw,standalone,5.0,5000000000,0,13,1
GBwwjp04ak03pTuJDE3iOg,standalone,5.0,5000000000,0,31,1
ZIQYCv6HhWpJUUdoipY9rA,standalone,5.0,5000000000,0,19,1
SK1IKzZz0ZvTBpqAB3qcEA,standalone,5.0,5000000000,0,22,1
OrYW00pZbp1CeWKhYUtdfA,standalone,5.0,5000000000,0,20,1
IwdrFIQSPwU6Dj8O0HW/Lg,standalone,5.0,5000000000,0,27,1
0pbrFvyeb6LqbHSkYN/gww,standalone,5.0,5000000000,0,21,1
SxI6eiGMA65OtVWixkAvpA,standalone,5.0,5000000000,0,27,1
ySXbQIjyuQB0ozmkOkDcjQ,standalone,5.0,5000000000,0,24,1
b4++N7u9GnGfUxCq8aV8XA,standalone,5.0,5000000000,0,32,1
3Iu5MQGYen7c/bq5ESOV0A,standalone,5.0,5000000000,0,21,1
iTUqQqrylZS215Zcf455VQ,standalone,5.0,5000000000,0,21,1
AHEfeWSSGZlFt5cKGgSCzQ,standalone,5.0,5000000000,0,26,1
2w4YWuulqXLqYfxYOqtNHw,standalone,5.0,5000000000,0,25,1
Nok0AH6ZouJogS5LKf6wag,standalone,5.0,5000000000,0,26,1
V/07RQ2FA+zsh6TksQBd3Q,standalone,5.0,5000000000,0,15,1
TwTPnXGFM9WpO3J6LetJzw,standalone,5.0,5000000000,0,19,1
TSF64SNKM3Vfb2TFHVGEtQ,standalone,5.0,5000000000,0,34,1
nWPBUYwC3YOb9g5/kDJIjA,standalone,5.0,5000000000,0,20,1
oakrEhS6ggI5T4lMZfYQ3Q,standalone,5.0,5000000000,0,25,1
HgjSjm6lUneX+NJbdVGp3Q,standalone,5.0,5000000000,0,23,1
5N+Cr7gMIyNqyix7F8hlJg,standalone,5.0,5000000000,0,29,1
tv8E4IgduUmh61eWIrGLLw,standalone,5.0,5000000000,0,27,1
xbuPzoQUK5JH1Z3+yRnOzA,standalone,5.0,5000000000,0,22,1
FrBGzLn0vkYBOVc9bez7Ng,standalone,5.0,5000000000,0,35,1
XNRvmZPEFAhj3mJdm1w3ig,standalone,5.0,5000000000,0,35,1
XGXlTWD6AKw1ri2FrpzCBA,standalone,5.0,5000000000,0,24,1
wUtj4XIQFqFQPNB6exM59Q,standalone,5.0,5000000000,0,16,1
